Workbook
Name dagen_sprint1: 'Burndown sprint'!$A$3:$A$13
Name dagen_sprint2: 'Burndown sprint'!$A$52:$A$62
Name dagen_sprint3: 'Burndown sprint'!$A$99:$A$109
Name planning: Projectplanning!$A$3:$H$287
Name punten_sprint1: Dashboard!$J$4
Name punten_sprint2: Dashboard!$J$5
Name punten_sprint3: Dashboard!$J$6
Name sprint_2weken: #REF!
Name sprint_3weken: #REF!

Sheet Uitleg
A1: Projectplanning (versie 1.7)
A3: Gebruik dit document om een projectplanning op te stellen. Tijdens de Pitch presenteer je deze projectplanning en licht je deze toe.
A4: Het invullen geeft inzicht in de hoeveelheid tijd die wordt besteed om een bepaalde taak uit te voeren. Het geeft ook goed inzicht in de werkdruk per sprint.
A6: Vul eerst op het tabblad Dashboard de namen van de groepsleden en studentnummers in.
A7: Vul bij de "duur" van de sprints het aantal dagen in dat beschikbaar is per sprint (b.v. vanwege een feestdag kan een week maar 4 werkdagen bevatten). Kijk daarvoor op de sprintjaarplanning.
A9: Noteer per scrumtaak alle activiteiten op het tabblad projectplanning.
A10: Doe dit volgens de afgesproken methodiek. (als ….[rol] wil ik ….[actie] Zodat, ……[resultaat] )
A11: Begin de activiteit altijd met het scrumtaaknummer. Bijvoorbeeld L1-1 ….... Dit is nodig voor het overzicht en de filtering op scrumtaak.
A13: Nadat alle activiteiten zijn genoteerd bepaal je de waarde van elke ativiteit d.m.v. planning poker. Noteer dit in de kolom "punten".
A14: Splits grotere activiteiten (13 punten of meer) op in kleinere deel-activiteiten.
A16: Bepaal wat je in welke sprint gaat uitvoeren. Noteer die in de kolom "Sprint"
A17: Let erop dat je in elke sprint tenminste iets oplevert van elke scrumtaak.
... A29: * De kolom "gereed" spreekt voor zich.

Sheet Dashboard
B2: Groepsleden | F2: Puntenverdeling | M2: Velocity | O2: Pokerpunten
C3: Voornaam | D3: studentnr. | G3: Sprint | I3: Duur | J3: Punten | K3: Percentage | M3: (per dag weg te werken) | O3: 0 | P3: De pokerpunten worden gebruikt op het tabblad Projectplanning. Dit zorg ervoor dat er alleen maar geldige waarden ingevoerd kunnen worden.
B4: 1 | F4: 1 | G4: Sprint 1 | H4: 10 | I4: dagen | J4: =SUMIFS(Act_Sprint_Pnt[Punten],Act_Sprint_Pnt[Sprint],MID(G4,8,1)) -> 67 | K4: =J4/$J$9 -> 0.48905109 | M4: =ROUNDUP(J4/H4,0) -> 7 | O4: 0.5
B5: 2 | F5: 2 | G5: Sprint 2 | H5: 10 | I5: dagen | J5: =SUMIFS(Act_Sprint_Pnt[Punten],Act_Sprint_Pnt[Sprint],MID(G5,8,1)) -> 44 | K5: =J5/$J$9 -> 0.32116788 | M5: =ROUNDUP(J5/H5,0) -> 5 | O5: 1
B6: 3 | F6: 3 | G6: Sprint 3 | H6: 10 | I6: dagen | J6: =SUMIFS(Act_Sprint_Pnt[Punten],Act_Sprint_Pnt[Sprint],MID(G6,8,1)) -> 26 | K6: =J6/$J$9 -> 0.18978102 | M6: =ROUNDUP(J6/H6,0) -> 3 | O6: 2
B7: 4 | O7: 3
B8: 5 | O8: 5
B9: 6 | G9: Totaal | J9: =SUM(J4:J6) -> 137 | K9: =SUM(K4:K6) -> 1 | O9: 8
B10: 7 | O10: 13
B11: 8 | O11: 20
O12: 40
B13: * Vul de namen van de groepsleden in | F13: * Vul het aantal dagen per sprint in | O13: 100
B14: * Vul de studentnummers in

Sheet Projectplanning
C1: =SUBTOTAL(9,D:D) -> 137 | D1: Geselecteerde Sprint <-- punten in sprint Percentage van totaal --> | F1: =C1/H1 -> 1 | G1: Totaal: | H1: =SUM(D:D) -> 137
A2: Taak Nr | B2: Activiteit / Userstory | C2: Sprint | D2: Punten | E2: Wie | F2: Duur | G2: Opmerkingen | H2: Gereed
A3: L1-PRO-1 | B3: DIGITAAL PORTFOLIO
A4: L1-PRO-1 | B4: Als student wil ik het PVE (Programma van Eisen) doornemen zodat ik weet wat de opdracht vereist. | C4: 1 | D4: 3 | E4: Allemaal
A5: L1-PRO-1 | B5: Als student wil ik verschillende design ideeën schetsen zodat mijn portfolio uniek en persoonlijk wordt. | C5: 1 | D5: 3 | E5: Allemaal
A6: L1-PRO-1 | B6: Als student wil ik feedback krijgen op mijn ontwerp zodat ik weet of ik op de goede weg ben. | C6: 1 | D6: 3 | E6: Allemaal
A7: L1-PRO-1 | B7: Als student wil ik diverse media verzamelen zodat het project er verzorgd en professioneel uitziet. | C7: 1 | D7: 5 | E7: Allemaal
A8: L1-PRO-1 | B8: Als student wil ik de HTML en CSS opdrachten en lessen gevolgd en gemaakt hebben zodat ik meer weet over HTML en CSS. | C8: 1 | D8: 13 | E8: Allemaal
A9: L1-PRO-1 | B9: Als student wil ik de HTML Grid en Flexbox opdrachten maken zodat ik een nette layout kan maken in HTML en CSS. | C9: 1 | D9: 8 | E9: Allemaal
A10: L1-PRO-1 | B10: Als student wil ik een projectstructuur in elkaar zetten zodat ik overzicht heb en alles kan terugvinden. | C10: 2 | D10: 5 | E10: Allemaal
A11: L1-PRO-1 | B11: Als student wil ik een projectenpagina maken zodat bezoekers kunnen zien wat ik gemaakt heb en waar ik goed in ben. | C11: 2 | D11: 5 | E11: Allemaal
A12: L1-PRO-1 | B12: Als student wil ik een homepage voor mijn portfolio bouwen zodat mijn bezoekers meteen een goede indruk krijgen. | C12: 1 | D12: 5 | E12: Allemaal
A13: L1-PRO-1 | B13: Als student zorg ik dat het porfolio online staat en benaderbaar is via de school VPS | C13: 3 | D13: 5 | E13: Allemaal
A16: L1-PRO-2 | B16: HET GOEDE DOEL
A17: L1-PRO-2 | B17: Als student wil ik het PVE (Programma van Eisen) doornemen zodat ik weet wat de opdracht vereist. | C17: 1 | D17: 3 | E17: Allemaal
A18: L1-PRO-2 | B18: Als Student wil ik een non-profit organisatie kiezen om een website voor te maken. | C18: 1 | D18: 2 | E18: Allemaal
A19: L1-PRO-2 | B19: Als Student wil ik goedkeuring hebben voor de gekozen organisatie zodat ik een unieke non-profit heb. | C19: 1 | D19: 1 | E19: Allemaal
A20: L1-PRO-2 | B20: Als Student wil ik een design maken zodat ik een mooie en professionele website kan creëren. | C20: 1 | D20: 8 | E20: Allemaal
A21: L1-PRO-2 | B21: Als Student wil ik een go voor mijn design zodat ik weet dat mijn product geschikt is om te maken. | C21: 1 | D21: 2 | E21: Allemaal
A22: L1-PRO-2 | B22: Als Student wil ik een ontwikkelomgeving en projectfolder opgezet hebben zodat ik overzichtelijk aan het werk kan. | C22: 1 | D22: 3 | E22: Allemaal
A23: L1-PRO-2 | B23: Als Klant wil ik een verhaal over een bijzonder moment binnen de non-profit organisatie op de website. Hero (A touching story) | C23: 2 | D23: 5 | E23: Allemaal
A24: L1-PRO-2 | B24: Als gebruiker wil ik kunnen zien wat voor diensten of producten de non-profit aanbiedt/verkoopt. | C24: 2 | D24: 8 | E24: Allemaal
A25: L1-PRO-2 | B25: Als gebruiker wil ik kunnen zien wat anderen van de non-profit vinden. (fictief Reviews) | C25: 2 | D25: 8 | E25: Allemaal
A26: L1-PRO-2 | B26: Als gebruiker wil ik weten hoe ik kan deelnemen of supporten. Pricing (Subscriptions of one-time donaties) | C26: 2 | D26: 8 | E26: Allemaal
A27: L1-PRO-2 | B27: Als klant wil ik op de website alle punten die ons uniek maken. USP (unique selling points) | C27: 2 | D27: 5 | E27: Allemaal
A28: L1-PRO-2 | B28: Als klant wil ik een Call to action op de website zodat mensen uitgedaagd worden om mee te doen/mee te denken. (Call to Action) | C28: 3 | D28: 5 | E28: Allemaal
... A32: L1-PRO-2 | B32: Als developer wil ik een repository aanmaken waar ik de voortgang van mijn project kan bijhouden. | C32: 1 | D32: 8 | E32: Allemaal
B10902: yo

Sheet Burndown sprint
A2: Dag | B2: Ideaal | C2: =+Dashboard!C5 -> 0 | D2: =+Dashboard!C6 -> 0 | E2: =+Dashboard!C7 -> 0 | F2: =+Dashboard!C8 -> 0 | G2: =+Dashboard!C9 -> 0 | H2: =+Dashboard!C10 -> 0 | I2: =+Dashboard!C11 -> 0
A3: 0 | B3: =+Dashboard!$J$4 -> 67 | C3: =+Dashboard!$J$4 -> 67 | D3: =+Dashboard!$J$4 -> 67 | E3: =+Dashboard!$J$4 -> 67 | F3: =+Dashboard!$J$4 -> 67 | G3: =+Dashboard!$J$4 -> 67 | H3: =+Dashboard!$J$4 -> 67 | I3: =+Dashboard!$J$4 -> 67
A4: 1 | B4: 60.3
A5: 2 | B5: 53.6
A6: 3 | B6: 46.9
A7: 4 | B7: 40.2
A8: 5 | B8: 33.5
A9: 6 | B9: 26.8
A10: 7 | B10: 20.1
A11: 8 | B11: 13.4
A12: 9 | B12: 6.7
A13: 10 | B13: 0
A51: Dag | B51: Ideaal | C51: =+$C$2 -> 0 | D51: =+$D$2 -> 0 | E51: =+$E$2 -> 0 | F51: =+$F$2 -> 0 | G51: =+$G$2 -> 0 | H51: =+$H$2 -> 0 | I51: =+$I$2 -> 0
A52: 0 | B52: =+Dashboard!$J$5 -> 44 | C52: =+Dashboard!$J$5 -> 44 | D52: =+Dashboard!$J$5 -> 44 | E52: =+Dashboard!$J$5 -> 44 | F52: =+Dashboard!$J$5 -> 44 | G52: =+Dashboard!$J$5 -> 44 | H52: =+Dashboard!$J$5 -> 44 | I52: =+Dashboard!$J$5 -> 44
A53: 1 | B53: 7.2
A54: 2 | B54: 6.4
A55: 3 | B55: 5.6
A56: 4 | B56: 4.8
A57: 5 | B57: 4
A58: 6 | B58: 3.2
A59: 7 | B59: 2.4
A60: 8 | B60: 1.6
A61: 9 | B61: 0.8
A62: 10 | B62: 0
A98: Dag | B98: Ideaal | C98: =+$C$2 -> 0 | D98: =+$D$2 -> 0 | E98: =+$E$2 -> 0 | F98: =+$F$2 -> 0 | G98: =+$G$2 -> 0 | H98: =+$H$2 -> 0 | I98: =+$I$2 -> 0
A99: 0 | B99: =+Dashboard!$J$6 -> 26 | C99: =+Dashboard!$J$6 -> 26 | D99: =+Dashboard!$J$6 -> 26 | E99: =+Dashboard!$J$6 -> 26 | F99: =+Dashboard!$J$6 -> 26 | G99: =+Dashboard!$J$6 -> 26 | H99: =+Dashboard!$J$6 -> 26 | I99: =+Dashboard!$J$6 -> 26
A100: 1 | B100: 4.5
A101: 2 | B101: 4
A102: 3 | B102: 3.5
A103: 4 | B103: 3
A104: 5 | B104: 2.5
A105: 6 | B105: 2
A106: 7 | B106: 1.5
A107: 8 | B107: 1
A108: 9 | B108: 0.5
A109: 10 | B109: 0
